page,impressions,clicks,ctr,position
https://dtfprinterusa.com/,352,35,9.94%,3.91
https://dtfprinterusa.com/collections/uv-dtf-printer,117,4,3.42%,6.07
https://dtfprinterusa.com/collections/dtf-film,45,3,6.67%,4.49
https://dtfprinterusa.com/collections/heat-presses,26,3,11.540000000000001%,5.88
https://dtfprinterusa.com/products/replacement-main-board-dtf,7,3,42.86%,17.86
https://dtfprinterusa.com/blogs/blog/dtf-vs-sublimation,222,2,0.9%,6.7
https://dtfprinterusa.com/collections/replacement-and-spare-parts,87,2,2.3000000000000003%,4.74
https://dtfprinterusa.com/blogs/blog/dtf-printing-stretch-test-for-performance-wear-durability,9,2,22.22%,2.33
https://dtfprinterusa.com/blogs/blog/dtf-machine-printing-process-guide,49,1,2.04%,4.43
https://dtfprinterusa.com/blogs/blog/uv-printing,45,1,2.22%,6.73
https://dtfprinterusa.com/blogs/blog/dtf-powder,44,1,2.27%,4.55
https://dtfprinterusa.com/blogs/blog/anatomy-of-a-dtf-printer,29,1,3.45%,4.17
https://dtfprinterusa.com/blogs/blog/preventative-maintenance-routine-dtf-print-head,19,1,5.26%,6.05
https://dtfprinterusa.com/blogs/blog/real-cost-of-dtf-printer-guide,16,1,6.25%,5.5
https://dtfprinterusa.com/products/dtf-moisturizing-liquid,10,1,10%,3.5
https://dtfprinterusa.com/blogs/blog/dtf-printer-maintenance-checklist,9,1,11.11%,7.33
https://dtfprinterusa.com/products/replacement-white-ink-pump,8,1,12.5%,3.25
https://dtfprinterusa.com/collections/24-inch-dtf-printers,6,1,16.67%,3.0
https://dtfprinterusa.com/pages/support,5,1,20%,3.0
https://dtfprinterusa.com/collections/replacement-and-spare-parts-for-dryer,4,1,25%,4.5
https://dtfprinterusa.com/products/replacement-white-and-color-damper,4,1,25%,5.75
https://dtfprinterusa.com/blogs/blog/future-of-dtf-printing-2030,4,1,25%,4.5
https://dtfprinterusa.com/products/24-inch-uv-printer-3-epson-i3200-printheads,4,1,25%,6.0
https://dtfprinterusa.com/collections/dtf-printers-and-dryers,3,1,33.33%,3.67
https://dtfprinterusa.com/products/16-5-inch-all-one-dtf-printer-powder-shaker,3,1,33.33%,1.0
https://dtfprinterusa.com/products/20x24-hydraulic-heat-press-6-platens-industrial-use,1,1,100%,1.0
https://dtfprinterusa.com/products/replacement-3w-ink-pump?variant=40358190940196,1,1,100%,2.0
https://dtfprinterusa.com/products/premium-double-hot-peel-24x328-feet,1,1,100%,1.0
https://dtfprinterusa.com/products/dryer-belt,1,1,100%,4.0
https://dtfprinterusa.com/products/uv-dtf-film-a-24-inch-white,1,1,100%,2.0
https://dtfprinterusa.com/blogs/blog/dtf-printer-for-beginners,83,0,0%,6.34
https://dtfprinterusa.com/products/24-inch-dtf-printer-4-epson-i3200-printheads,28,0,0%,4.75
https://dtfprinterusa.com/blogs/blog/best-tshirts-for-dtf-printing-guide,18,0,0%,9.44
https://dtfprinterusa.com/blogs/blog/how-to-print-t-shirts-with-a-dtf-printer,14,0,0%,6.36
https://dtfprinterusa.com/blogs/blog/best-dtf-printer-for-small-business,10,0,0%,5.9
https://dtfprinterusa.com/blogs/blog/dtf-ink-brands,8,0,0%,5.5
https://dtfprinterusa.com/blogs/blog/graduation-season-2026,8,0,0%,5.5
https://dtfprinterusa.com/blogs/blog/dtf-printing-speed-resolution-guide,7,0,0%,4.14
https://dtfprinterusa.com/blogs/blog/dtg-printing-101-the-top-10-faqs,5,0,0%,6.4
https://dtfprinterusa.com/products/uv-dtf-strong-cleaning-solution,5,0,0%,4.8
https://dtfprinterusa.com/pages/contact-us,4,0,0%,6.25
https://dtfprinterusa.com/blogs/blog/derby-day-and-cinco-de-mayo,4,0,0%,4.75
https://dtfprinterusa.com/pages/about-dtf-printer-usa,4,0,0%,7.75
https://dtfprinterusa.com/blogs/blog/dtf-printers-in-education-stem-art-classroom,2,0,0%,7.5
https://dtfprinterusa.com/blogs/blog/pinterest-tiktok-marketing-dtf-products,2,0,0%,3.5
https://dtfprinterusa.com/products/replacement-white-ink-filter,2,0,0%,3.5
https://dtfprinterusa.com/blogs/blog/dtf-film-transfer-process-explained-from-printing-to-heat-pressing,2,0,0%,4.5
https://dtfprinterusa.com/products/replacement-ssr-solid-state-relay,2,0,0%,6.5
https://dtfprinterusa.com/collections/dtf-printer,2,0,0%,6.5
https://dtfprinterusa.com/blogs/blog/dtf-powder-shaker-pros-cons,1,0,0%,3.0
https://dtfprinterusa.com/blogs/blog/7-creative-ways-to-make-money-with-your-dtf-printer,1,0,0%,5.0
https://dtfprinterusa.com/products/replacement-dtf-small-wheel-motor,1,0,0%,9.0
https://dtfprinterusa.com/blogs/blog/dtf-printing-gear-diy-convert-vs-dedicated-settings-guide,1,0,0%,5.0
https://dtfprinterusa.com/blogs/blog/dtf-printing-supplies-breakdown,1,0,0%,7.0
https://dtfprinterusa.com/products/1-lt-batch-uv-ink,1,0,0%,5.0
https://dtfprinterusa.com/blogs/blog/dtf-transfer-powders-types-quality-effects,1,0,0%,44.0
https://dtfprinterusa.com/blogs/blog/evolution-of-apparel-printing-screen-press-dtf-revolution,1,0,0%,4.0
https://dtfprinterusa.com/collections/dtf-sheets,1,0,0%,7.0
https://dtfprinterusa.com/blogs/blog/premium-vs-budget-dtf-inks-powders,1,0,0%,4.0
